d280d1b11cbc8030240256bb665b91f5,1,1,5e90c9a0077c2cd222d9024eb8a8b2ca,1643760000000
9d1a363b319737ea31a7547e4b50bf1e,2,1
a1f16ba2138ce605474803800ca4c07b,2,1
885b115cfcaf7b75d7cfa90cc8bcfc8b,2,1
36e63523ab4cae21551e19b0cad3a7c8,2,1
bb6f91d11f8e84d2d3669b9a68365565,2,1
157c3641d033781ff3221f4fca845057,2,1
066ecc62345ef44c25edc16c2102700f,1,1
885b115cfcaf7b75d7cfa90cc8bcfc8b,2,1,885b115cfcaf7b75d7cfa90cc8bcfc8b,1643846400000
fffe2eeabce3890851b4c1aaba28d355,1,1
21053f093b897a6f125d350bdbc3cba8,2,1
f1bb410fcd0d19bbc9bf847c4d2af38b,2,1
